region,km2,code
Southwest,387879.9690958264,ACHCAS
Southwest,419872.44048963883,ACHLTHR
Mountain-Prarie,156891.51247322946,ACHLYC
Northeast,515174.351663384,ACHLYC
Southeast,1131355.9657153685,ACHLYC
Southwest,425884.03821472084,ACHLYC
Midwest,760727.4694017342,ACHLYC
Mountain-Prarie,279701.01906073635,ADEBRE
Southwest,900682.6104971217,ADEBRE
Pacific,145134.15645893977,ADEBRE
Pacific Southwest,437504.11245444184,ADEBRE
Mountain-Prarie,256749.6122365833,AGRAVAN
Northeast,126232.10873265607,AGRAVAN
Southeast,1214827.9782829038,AGRAVAN
Southwest,1298646.523632841,AGRAVAN
Midwest,235414.79656814595,AGRAVAN
Pacific,845.8345433273786,AGRAVAN
Pacific Southwest,319097.38874723297,AGRAVAN
Mountain-Prarie,979737.1388649258,AGRGLA
Southwest,314475.1182994225,AGRGLA
Midwest,121.17995979882771,AGRGLA
Pacific,322723.43550458393,AGRGLA
Pacific Southwest,212777.17529477895,AGRGLA
Mountain-Prarie,246929.66308884026,AMBAEN
Southwest,1061588.2580262336,AMBAEN
Pacific Southwest,28.26451214656725,AMBAEN
Northeast,74446.68793972749,AMBAES
Southeast,1167998.9251483728,AMBAES
Southwest,130376.62433451839,AMBAES
Midwest,78079.71362534128,AMBAES
Mountain-Prarie,71490.47791514435,AMBBEL
Southeast,525819.0307028845,AMBBEL
Southwest,547253.373056483,AMBBEL
Midwest,179701.80832641423,AMBBEL
Mountain-Prarie,19507.53637224484,AMBCAS
Southwest,319884.32592717186,AMBCAS
Southeast,25250.408177678793,AMBCEL
Southwest,531196.0573858306,AMBCEL
Midwest,2718.7204774649204,AMBCEL
Mountain-Prarie,139312.76425291423,AMBEOS
Southwest,1070905.4803751537,AMBEOS
Southwest,163682.08631506757,AMBEXO
Pacific Southwest,2.600397105208384,AMBEXO
Mountain-Prarie,28063.45655675068,AMBHEG
Northeast,636972.3690134813,AMBHEG
Southeast,841471.6067052518,AMBHEG
Southwest,148095.50292409124,AMBHEG
Midwest,1254242.1799661217,AMBHEG
Mountain-Prarie,232490.17404380572,AMBNYS
Southeast,1081.3289158518642,AMBNYS
Southwest,1048776.4815888403,AMBNYS
Midwest,75732.15520919158,AMBNYS
Mountain-Prarie,1616934.0173556448,AMBVIA
Northeast,642155.2172426323,AMBVIA
Southeast,976003.6657122974,AMBVIA
Southwest,800257.249624866,AMBVIA
Midwest,1332104.854970557,AMBVIA
Pacific,456626.70639261545,AMBVIA
Pacific Southwest,221094.67693150023,AMBVIA
Mountain-Prarie,530831.8510651648,ANAAND
Northeast,12406.321142724366,ANAAND
Southeast,1177407.1897981293,ANAAND
Southwest,1207230.245251854,ANAAND
Midwest,453188.9311608185,ANAAND
Southeast,259267.38538776033,ANARJAT
Southwest,218836.73619530676,ANARJAT
Mountain-Prarie,1197131.7977710108,ANATLOG
Northeast,636173.7759052172,ANATLOG
Southeast,1231873.4305538791,ANATLOG
Southwest,954818.8109715366,ANATLOG
Midwest,1313458.5916584565,ANATLOG
Mountain-Prarie,790053.4468132011,ANCNUM
Northeast,642155.2172426323,ANCNUM
Southeast,1232763.3904751139,ANCNUM
Southwest,586506.7541876617,ANCNUM
Midwest,1331942.443995063,ANCNUM
Southwest,167.58043365616115,ANTHLAN
Pacific,26771.81830171925,ANTHLAN
Pacific Southwest,365955.4580261479,ANTHLAN
Mountain-Prarie,99015.45936942007,ANTHMID
Northeast,364061.0817532045,ANTHMID
Southeast,1133872.4696783284,ANTHMID
Southwest,640034.2086137972,ANTHMID
Midwest,418784.86622440204,ANTHMID
Mountain-Prarie,834743.2320522936,ANTHSAR
Southwest,615897.997594727,ANTHSAR
Pacific,628197.2574783169,ANTHSAR
Pacific Southwest,684809.5674235823,ANTHSAR
Mountain-Prarie,1165583.7447435358,APOMOR
Southwest,879326.5468383252,APOMOR
Pacific,511970.66469802876,APOMOR
Pacific Southwest,702395.7054192027,APOMOR
Mountain-Prarie,3236.2979989443556,APOPAL
Southwest,518476.9150074108,APOPAL
Pacific Southwest,171458.50822373002,APOPAL
Southeast,127576.56438086371,ASBCAP
Southeast,399155.00836686074,ASCMON
Southwest,417187.2122718453,ASCMON
Pacific Southwest,27695.897419845725,ASCMON
Mountain-Prarie,229969.0810855398,ASTCEL
Northeast,267115.7850014338,ASTCEL
Southeast,40137.30157836774,ASTCEL
Southwest,99555.63016972368,ASTCEL
Midwest,246469.08408022267,ASTCEL
Pacific Southwest,10352.538296634419,ASTCEL
Mountain-Prarie,390499.4175740233,ASTCLY
Northeast,547448.4542966395,ASTCLY
Southeast,1225238.5178819357,ASTCLY
Southwest,960916.160436617,ASTCLY
Midwest,1003659.181068823,ASTCLY
Southeast,1113.9121733333852,ASTLEI
Southwest,1125499.995591064,ASTLEI
Pacific Southwest,2.9400264428711997,ASTLEI
Mountain-Prarie,704971.4319327708,ATACAM
Northeast,444743.3848288309,ATACAM
Southeast,1232056.0604745802,ATACAM
Southwest,1305819.103631854,ATACAM
Midwest,972326.5205099471,ATACAM
Pacific,164714.16376330177,ATACAM
Pacific Southwest,337753.3193673095,ATACAM
Mountain-Prarie,175073.1993333464,ATLHAL
Northeast,156566.68064420775,ATLHAL
Southeast,1220188.3881242685,ATLHAL
Southwest,1426250.6268493833,ATLHAL
Midwest,153627.02096572003,ATLHAL
Pacific,73104.48858617932,ATLHAL
Pacific Southwest,574012.8755731968,ATLHAL
Mountain-Prarie,825418.7261827334,ATRARO
Northeast,194559.0318531176,ATRARO
Southeast,394858.78887250193,ATRARO
Southwest,427234.37026751536,ATRARO
Midwest,565575.1069068803,ATRARO
Mountain-Prarie,1184445.303445183,ATRYHIA
Northeast,615418.0934070888,ATRYHIA
Southeast,1187789.8867590504,ATRYHIA
Southwest,594536.7107492179,ATRYHIA
Midwest,1292427.1383222719,ATRYHIA
Mountain-Prarie,3332.231546672947,AUTCEL
Northeast,152430.70393600033,AUTCEL
Southeast,867660.2967639363,AUTCEL
Southwest,245756.10034294476,AUTCEL
Midwest,120705.61372940824,AUTCEL
Mountain-Prarie,196621.865672295,BATPHI
Northeast,477633.8144078973,BATPHI
Southeast,1230129.4072088927,BATPHI
Southwest,1408403.7696518544,BATPHI
Midwest,691791.7576337426,BATPHI
Pacific,44423.125172743974,BATPHI
Pacific Southwest,374291.7705036535,BATPHI
Southeast,145561.2888848213,BATPOL
Southwest,143253.3096543306,BATPOL
Mountain-Prarie,657430.9218629267,BOLOBEL
Northeast,624266.7114780362,BOLOBEL
Southeast,247572.7044989655,BOLOBEL
Midwest,1321460.1233004725,BOLOBEL
Pacific,73761.7243435546,BOLOBEL
Mountain-Prarie,707634.336435333,BOLOCHA
Northeast,87267.3323167425,BOLOCHA
Southwest,27111.345135582284,BOLOCHA
Midwest,280695.65758210415,BOLOCHA
Pacific,305626.2070657895,BOLOCHA
Pacific Southwest,6918.717140427813,BOLOCHA
Mountain-Prarie,212116.22127215675,BOLOEPI
Pacific,499327.7991362834,BOLOEPI
Pacific Southwest,219790.3891544053,BOLOEPI
Mountain-Prarie,1164356.4045532937,BOLOSEL
Northeast,569148.0445146092,BOLOSEL
Southeast,21859.948917422797,BOLOSEL
Southwest,23940.565169497288,BOLOSEL
Midwest,1236482.5906924345,BOLOSEL
Pacific,258595.6056477925,BOLOSEL
Pacific Southwest,63.047214052652215,BOLOSEL
Mountain-Prarie,831248.6898179946,BREEXI
Southeast,8058.685229713673,BREEXI
Southwest,1458496.377380662,BREEXI
Midwest,626.7714207224585,BREEXI
Pacific,356163.30326476187,BREEXI
Pacific Southwest,705352.4137401545,BREEXI
Southeast,175831.02387179612,BREISO
Southwest,6949.1620059114775,BREISO
Pacific Southwest,12121.128116573003,BREISO
Mountain-Prarie,20530.012637801545,CALBOR
Northeast,329052.9611487634,CALBOR
Southeast,148818.0498516548,CALBOR
Southwest,44982.287258001394,CALBOR
Midwest,426146.883576951,CALBOR
Mountain-Prarie,760586.3604086053,CALLAUG
Northeast,642155.2172426323,CALLAUG
Southeast,926382.1382255446,CALLAUG
Southwest,458107.102711616,CALLAUG
Midwest,1064010.7799848109,CALLAUG
Pacific,628197.2574783169,CALLAUG
Pacific Southwest,560084.5129931627,CALLAUG
Mountain-Prarie,661624.9517947282,CALLDUM
Southwest,217565.58244302208,CALLDUM
Pacific,340652.0018427572,CALLDUM
Pacific Southwest,446762.0272586293,CALLDUM
Mountain-Prarie,1203015.88007564,CALLERY
Northeast,180530.67272198765,CALLERY
Southwest,304321.743157996,CALLERY
Midwest,393727.68294219184,CALLERY
Pacific,628197.2574783169,CALLERY
Pacific Southwest,569510.5428971904,CALLERY
Mountain-Prarie,1729248.2290106725,CALLGRY
Northeast,612009.2774293643,CALLGRY
Southeast,1195141.9208292381,CALLGRY
Southwest,1454132.4396093343,CALLGRY
Midwest,1005030.3572398573,CALLGRY
Pacific,625861.8496438009,CALLGRY
Pacific Southwest,653076.1810404048,CALLGRY
Mountain-Prarie,175481.15574556353,CALLHEN
Northeast,642155.2172426323,CALLHEN
Southeast,1209037.3042514736,CALLHEN
Southwest,763757.8857825492,CALLHEN
Midwest,1311991.4733242025,CALLHEN
Northeast,549953.1891589442,CALLIRU
Southeast,906283.2975438765,CALLIRU
Southwest,206290.8543281432,CALLIRU
Midwest,502370.7556067141,CALLIRU
Mountain-Prarie,248316.53581804852,CALLMOS
Southwest,6387.145096986705,CALLMOS
Pacific,392757.8970527629,CALLMOS
Pacific Southwest,216286.01681727674,CALLMOS
Mountain-Prarie,27054.16333632091,CALLNIP
Northeast,642155.2172426323,CALLNIP
Southeast,1139517.3993471437,CALLNIP
Southwest,207964.7069149068,CALLNIP
Midwest,1219329.4004796117,CALLNIP
Mountain-Prarie,668992.8695856626,CALLPOL
Northeast,457087.51521089254,CALLPOL
Southeast,3353.5950629822964,CALLPOL
Southwest,100700.02352729844,CALLPOL
Midwest,648571.5137282241,CALLPOL
Pacific,380207.16852609575,CALLPOL
Pacific Southwest,15432.433107704192,CALLPOL
Mountain-Prarie,888055.2414987861,CALLSHE
Southwest,163588.0178336168,CALLSHE
Pacific,541396.473319587,CALLSHE
Pacific Southwest,555175.992039087,CALLSHE
Mountain-Prarie,780838.0229108381,CALLSPI
Southwest,470095.58439343167,CALLSPI
Pacific,534746.2491217308,CALLSPI
Pacific Southwest,572428.6054467332,CALLSPI
Mountain-Prarie,1646.1787730109536,CALNEM
Southwest,826283.2147254499,CALNEM
Pacific Southwest,172894.78550301024,CALNEM
Southwest,221558.73471552474,CALPER
Pacific Southwest,5036.382088439731,CALPER
Northeast,173892.7055758836,CALPETH
Southeast,1228166.9518525759,CALPETH
Southwest,708627.8673503789,CALPETH
Midwest,53288.122283901015,CALPETH
Northeast,1503.2523340096145,CALVIR
Southeast,712843.6732094374,CALVIR
Southwest,68641.79670343545,CALVIR
Mountain-Prarie,88273.82681566276,CALYCEC
Northeast,380162.85088328517,CALYCEC
Southeast,1232869.0066813086,CALYCEC
Southwest,459781.8209753157,CALYCEC
Midwest,466133.9031595388,CALYCEC
Southeast,54183.79298431521,CALYISO
Southwest,489142.70627873356,CALYISO
Mountain-Prarie,473036.44108574383,CARTPAL
Northeast,481839.08489141765,CARTPAL
Midwest,844707.0968410007,CARTPAL
Pacific,439569.47750180203,CARTPAL
Pacific Southwest,146757.05182654317,CARTPAL
Mountain-Prarie,1920044.7334501166,CELLAD
Northeast,642155.2172426323,CELLAD
Southeast,1155818.5549168047,CELLAD
Southwest,1464098.6464283746,CELLAD
Midwest,1332104.854970557,CELLAD
Pacific,628197.2574783169,CELLAD
Pacific Southwest,700411.8821894855,CELLAD
Northeast,300304.1953480659,CELNEG
Southeast,138214.46990465623,CELNEG
Midwest,66689.99351289925,CELNEG
Southwest,856059.376222371,CELONES
Mountain-Prarie,1178401.2147635578,CEROET
Southwest,302290.8993289362,CEROET
Pacific,606792.5671082186,CEROET
Pacific Southwest,432293.80350121314,CEROET
Mountain-Prarie,1905804.320823214,CERPEG
Northeast,642155.2172426323,CERPEG
Southeast,1176732.3949846015,CERPEG
Southwest,1122226.4713942944,CERPEG
Midwest,1332104.854970557,CERPEG
Pacific,628197.2291083193,CERPEG
Pacific Southwest,522387.7773998819,CERPEG
Mountain-Prarie,726449.158049813,CERSTH
Southwest,133959.3607569833,CERSTH
Pacific,535035.1098222518,CERSTH
Pacific Southwest,644033.5134081935,CERSTH
Southeast,80558.8811449465,CHICAT
Southwest,494826.4346153887,CHICAT
Mountain-Prarie,1561814.3661653087,CHLOGOR
Northeast,153180.90274015235,CHLOGOR
Southeast,525951.1980107609,CHLOGOR
Southwest,872723.8656154334,CHLOGOR
Midwest,1084305.404346922,CHLOGOR
Pacific,54.56090680401829,CHLOGOR
Mountain-Prarie,34654.264142304426,CHLOHAR
Northeast,472229.2005426535,CHLOHAR
Midwest,797677.4431946395,CHLOHAR
Pacific,161252.6257968869,CHLOHOF
Pacific Southwest,161480.1208605326,CHLOHOF
Mountain-Prarie,184429.45696435793,CHLOLAC
Southeast,2187.754685462219,CHLOLAC
Southwest,1260289.8490646125,CHLOLAC
Midwest,7638.69703088182,CHLOLAC
Pacific Southwest,59582.92306495224,CHLOLAC
Mountain-Prarie,150109.58252576942,CHLOLEA
Southwest,46032.69967671107,CHLOLEA
Pacific,48535.60539448712,CHLOLEA
Pacific Southwest,117929.23543109569,CHLOLEA
Mountain-Prarie,694035.9874710524,CHLONYC
Northeast,641346.086624364,CHLONYC
Southeast,1069808.6254648403,CHLONYC
Southwest,662517.0784879472,CHLONYC
Midwest,1332104.854970557,CHLONYC
Mountain-Prarie,695965.5907143172,CHLOPAL
Southwest,26884.893647015757,CHLOPAL
Pacific,600489.4571066491,CHLOPAL
Pacific Southwest,369734.9352904067,CHLOPAL
Southwest,805086.3393548717,CHLOTHE
Southwest,107441.82557451437,CODARI
Mountain-Prarie,1505651.5048149386,COETUL
Northeast,635672.8259257885,COETUL
Southeast,53125.211486237335,COETUL
Southwest,260855.811980553,COETUL
Midwest,930917.93109105,COETUL
Pacific,621786.8651568366,COETUL
Pacific Southwest,610031.8380633201,COETUL
Southwest,438791.2006427174,COGHIP
Mountain-Prarie,1411528.8926333168,COLALE
Southwest,290745.5838583695,COLALE
Pacific,627299.7897433466,COLALE
Pacific Southwest,479493.93115720816,COLALE
Mountain-Prarie,694518.3607054262,COLCES
Northeast,31757.75610348927,COLCES
Southeast,1148868.4522809605,COLCES
Southwest,1477964.802403044,COLCES
Midwest,750595.57705832,COLCES
Pacific Southwest,224467.33164444764,COLCES
Pacific Southwest,260289.57452345363,COLEU1
Mountain-Prarie,1920044.7334501166,COLEU2
Northeast,642155.2172426323,COLEU2
Southeast,1230059.2931965871,COLEU2
Southwest,1477962.333244325,COLEU2
Midwest,1332104.854970557,COLEU2
Pacific,627494.7232380115,COLEU2
Pacific Southwest,706764.0733915063,COLEU2
Mountain-Prarie,308460.16629894346,COLINT
Northeast,425189.37941556313,COLINT
Midwest,686167.0609706043,COLINT
Pacific,303436.6940030384,COLINT
Mountain-Prarie,177943.02002331062,COLOCC
Southwest,744.1382040380522,COLOCC
Pacific,556111.2527129177,COLOCC
Pacific Southwest,251432.44150376058,COLOCC
Mountain-Prarie,1920044.7334501166,COLPHI
Northeast,642155.2172426323,COLPHI
Southeast,707966.4446940975,COLPHI
Southwest,1068826.379977962,COLPHI
Midwest,1332104.854970557,COLPHI
Pacific,501570.9328224278,COLPHI
Pacific Southwest,373794.7844881383,COLPHI
Mountain-Prarie,61145.77286639403,COPAUR
Southwest,1369067.436864701,COPAUR
Pacific Southwest,299130.39599896624,COPAUR
Northeast,12415.492057591708,COPMIN
Southeast,985235.8194307755,COPMIN
Southwest,625782.6656261211,COPMIN
Pacific Southwest,124.65535545233408,COPMIN
Mountain-Prarie,60497.51641277388,CYLGEM
Northeast,205159.59857645098,CYLGEM
Southeast,1218064.0670417831,CYLGEM
Southwest,491239.9315772937,CYLGEM
Midwest,295281.25571069756,CYLGEM
Southeast,86690.6391561508,CYMTRI
Southeast,136230.19565874268,DANERE
Southwest,366873.1696776765,DANERE
Mountain-Prarie,343551.25870246673,DANGIL
Southeast,533818.5058007824,DANGIL
Southwest,1472624.8018400285,DANGIL
Pacific Southwest,450507.1810391026,DANGIL
Mountain-Prarie,1924320.8143894142,DANPLE
Northeast,642155.2172426323,DANPLE
Southeast,1232008.9791994868,DANPLE
Southwest,1475974.6103933551,DANPLE
Midwest,1331608.4246887604,DANPLE
Pacific,612704.7389199211,DANPLE
Pacific Southwest,706586.734018335,DANPLE
Southeast,134526.90658598693,DRYAJUL
Southwest,395060.66139453667,DRYAJUL
Southwest,711370.1165452974,DYMDYM
Pacific Southwest,147462.55085461424,DYMDYM
Southeast,87208.2865089358,ELEANG
Southwest,169459.6276037354,EMEZEL
Mountain-Prarie,347614.4673723106,ENOANT
Northeast,641608.8617678875,ENOANT
Southeast,710665.2338737008,ENOANT
Southwest,108387.27876961842,ENOANT
Midwest,1332104.854970557,ENOANT
Mountain-Prarie,31958.863729676774,ENOCRE
Northeast,96238.63242010983,ENOCRE
Southeast,1123258.695997574,ENOCRE
Southwest,142340.07579861427,ENOCRE
Midwest,185001.34055148845,ENOCRE
Mountain-Prarie,20918.111556664055,ENOPOR
Northeast,342825.3046006196,ENOPOR
Southeast,1176617.63826721,ENOPOR
Southwest,289132.4034696181,ENOPOR
Midwest,353730.8682697099,ENOPOR
Mountain-Prarie,1782013.7216398127,EPACLA
Northeast,616284.3517149192,EPACLA
Southeast,1231117.991634991,EPACLA
Southwest,1146894.0704870657,EPACLA
Midwest,1317239.4252813156,EPACLA
Pacific,369463.8052801803,EPACLA
Pacific Southwest,234700.83101917643,EPACLA
Mountain-Prarie,902750.2865317459,EREEPI
Southwest,96462.79261771588,EREEPI
Midwest,1512.7985043510519,EREEPI
Pacific,464651.3988553868,EREEPI
Pacific Southwest,11574.71227996412,EREEPI
Pacific,109786.68159211772,EREVID
Mountain-Prarie,229815.12185897233,ERYBAP
Northeast,640802.0933897299,ERYBAP
Southeast,1158859.3751613437,ERYBAP
Southwest,417440.55937827285,ERYBAP
Midwest,1030652.3028232243,ERYBAP
Mountain-Prarie,848645.0343972781,ERYBRI
Northeast,572461.3887561905,ERYBRI
Southeast,1219644.6668353959,ERYBRI
Southwest,1412056.3977367738,ERYBRI
Midwest,1205697.376779791,ERYBRI
Pacific,6299.377508997442,ERYBRI
Pacific Southwest,374632.3601934829,ERYBRI
Mountain-Prarie,704024.0757431639,ERYFUN
Northeast,122945.89051614111,ERYFUN
Southeast,1224478.1414674371,ERYFUN
Southwest,1477970.2090692532,ERYFUN
Midwest,725259.1749501168,ERYFUN
Pacific,4804.192917301385,ERYFUN
Pacific Southwest,459839.66619167355,ERYFUN
Mountain-Prarie,337314.26011184993,ERYHOR
Northeast,498112.604289329,ERYHOR
Southeast,1232869.0066813086,ERYHOR
Southwest,1022996.7954590555,ERYHOR
Midwest,751640.883894594,ERYHOR
Mountain-Prarie,960620.8251211747,ERYICE
Northeast,637848.8639438994,ERYICE
Southeast,451159.00822152634,ERYICE
Southwest,398576.1785829248,ERYICE
Midwest,1263283.5293052287,ERYICE
Pacific,602160.4048326055,ERYICE
Pacific Southwest,294831.52792867593,ERYICE
Mountain-Prarie,268889.0952136002,ERYJUV
Northeast,640082.590964224,ERYJUV
Southeast,1223345.920109826,ERYJUV
Southwest,709490.4845806517,ERYJUV
Midwest,1329643.327579314,ERYJUV
Pacific Southwest,2.8410652202152593,ERYJUV
Mountain-Prarie,411147.6493855598,ERYMAR
Northeast,573579.3536748904,ERYMAR
Southeast,1057135.7885350636,ERYMAR
Southwest,508768.97024973464,ERYMAR
Midwest,1272065.5329381851,ERYMAR
Mountain-Prarie,488531.63784064265,ERYPAC
Southwest,449677.82215875405,ERYPAC
Pacific,484914.43097782723,ERYPAC
Pacific Southwest,413905.8908813842,ERYPAC
Mountain-Prarie,1289351.3134871686,ERYPER
Northeast,494501.1785583795,ERYPER
Southeast,15973.293299414761,ERYPER
Southwest,321547.32576457935,ERYPER
Midwest,474710.2647072672,ERYPER
Pacific,627713.4973100259,ERYPER
Pacific Southwest,554704.2255628239,ERYPER
Pacific,273085.60015230894,ERYPRO
Pacific Southwest,362533.3466058572,ERYPRO
Southwest,849488.8174053263,ERYTRI
Pacific,31119.575950037517,ERYTRI
Pacific Southwest,292943.9285042247,ERYTRI
Northeast,102746.6972611539,ERYZAR
Southeast,934395.1142419615,ERYZAR
Southwest,79779.16031044674,ERYZAR
Mountain-Prarie,1311897.7079793552,EUCAUS
Southwest,341564.08729702974,EUCAUS
Midwest,264665.0932361382,EUCAUS
Pacific,619589.4245717966,EUCAUS
Pacific Southwest,620146.1358033983,EUCAUS
Mountain-Prarie,500022.627209296,EUCHYA
Southwest,371215.22953084344,EUCHYA
Pacific,508449.744304746,EUCHYA
Pacific Southwest,662488.97935689,EUCHYA
Mountain-Prarie,1542582.2521246288,EUCOLY
Northeast,429023.6551736986,EUCOLY
Southeast,197332.0364388359,EUCOLY
Southwest,688969.2435707806,EUCOLY
Midwest,1303391.4304133663,EUCOLY
Pacific,88.3211591516772,EUCOLY
Southeast,110096.39863940368,EUMATA
Mountain-Prarie,577645.1624863525,EUPBAT
Southwest,433273.46279762516,EUPBAT
Pacific,565370.1900354641,EUPBAT
Pacific Southwest,659689.242372496,EUPBAT
Mountain-Prarie,934363.9131164957,EUPENO
Southwest,267324.8897158972,EUPENO
Pacific,597651.4989982705,EUPENO
Pacific Southwest,674656.6657630274,EUPENO
Mountain-Prarie,924324.9933602118,EUPHCHA
Southwest,380872.7000557049,EUPHCHA
Pacific,624804.2198665583,EUPHCHA
Pacific Southwest,673499.0073293073,EUPHCHA
Mountain-Prarie,783661.8521601269,EUPHEDI
Southwest,56943.40433404085,EUPHEDI
Pacific,627713.5149586392,EUPHEDI
Pacific Southwest,561344.2674138941,EUPHEDI
Mountain-Prarie,31128.36977259781,EUPHPHA
Northeast,640091.8864873496,EUPHPHA
Southeast,449251.9538605757,EUPHPHA
Southwest,15894.740972902697,EUPHPHA
Midwest,1289370.7058863202,EUPHPHA
Mountain-Prarie,1918595.4093613888,EUPTCLA
Northeast,606811.0289818551,EUPTCLA
Southeast,1232862.146778755,EUPTCLA
Southwest,1477965.768455039,EUPTCLA
Midwest,1237420.7054772882,EUPTCLA
Pacific,65520.52857490246,EUPTCLA
Pacific Southwest,150444.65943856217,EUPTCLA
Southeast,177928.09881151267,EUPYARP
Mountain-Prarie,428362.6542668931,EUPYBIM
Northeast,626622.7516532809,EUPYBIM
Southeast,113726.02151719936,EUPYBIM
Midwest,1110738.5038314217,EUPYBIM
Pacific,3.5231127015303545,EUPYBIM
Mountain-Prarie,137248.3650355,EUPYCON
Northeast,479965.96646369493,EUPYCON
Southeast,21317.02822857307,EUPYCON
Midwest,977516.5041460441,EUPYCON
Mountain-Prarie,236839.57103513245,EUPYDIO
Northeast,575887.8354985104,EUPYDIO
Southeast,1210624.243236197,EUPYDIO
Southwest,391620.4944647195,EUPYDIO
Midwest,1304430.2317751627,EUPYDIO
Northeast,13615.06430838253,EUPYDUK
Southeast,527564.1055014931,EUPYDUK
Southwest,57010.89964778345,EUPYDUK
Midwest,303654.2915777699,EUPYDUK
Northeast,11792.350757201719,EUPYPIL
Southeast,322741.660506002,EUPYPIL
Southwest,10444.258952744662,EUPYPIL
Mountain-Prarie,1230140.2760732677,EUPYVES
Northeast,642155.2172426323,EUPYVES
Southeast,1221496.4470178059,EUPYVES
Southwest,1073745.945581955,EUPYVES
Midwest,1332104.854970557,EUPYVES
Pacific,212015.97546028855,EUPYVES
Pacific Southwest,176460.33403936063,EUPYVES
Southeast,603609.6661267369,EURDAI
Southwest,39663.187822915286,EURDAI
Mountain-Prarie,226649.14797874537,EURLIS
Northeast,597754.8032521623,EURLIS
Southeast,1232869.0066813084,EURLIS
Southwest,814580.0782775561,EURLIS
Midwest,1029422.3053058474,EURLIS
Mountain-Prarie,561964.3374927237,EURMEX
Southeast,165378.50877118943,EURMEX
Southwest,1474180.9349202376,EURMEX
Midwest,40562.45457482045,EURMEX
Pacific Southwest,66745.77371603275,EURMEX
Mountain-Prarie,344656.5965006404,EURNIC
Northeast,308919.62357822346,EURNIC
Southeast,1232869.0066813084,EURNIC
Southwest,1471435.843030682,EURNIC
Midwest,469230.9664363224,EURNIC
Pacific,400.4589577677358,EURNIC
Pacific Southwest,371324.1625926977,EURNIC
Southeast,14578.334599823744,EURPRO
Southwest,857199.5880866282,EURPRO
Pacific Southwest,5795.372679823727,EURPRO
Mountain-Prarie,123813.63944749751,EURYMAR
Northeast,394583.88838332077,EURYMAR
Southeast,1231389.6349825782,EURYMAR
Southwest,275068.0548631479,EURYMAR
Midwest,643722.9465259515,EURYMAR
Mountain-Prarie,1457956.7643147577,EVEAMY
Northeast,306045.9900839946,EVEAMY
Southwest,446070.57451158157,EVEAMY
Midwest,567041.3848266252,EVEAMY
Pacific,628197.2574783169,EVEAMY
Pacific Southwest,668958.6326526817,EVEAMY
Mountain-Prarie,849794.9083222548,EVECOM
Northeast,642155.2172426323,EVECOM
Southeast,1226036.3767884977,EVECOM
Southwest,697585.8672312539,EVECOM
Midwest,1331801.2990267694,EVECOM
Pacific,112030.11231243175,EVECOM
Pacific Southwest,155760.33837605445,EVECOM
Mountain-Prarie,209660.4452443344,FENTAR
Northeast,642155.2172426323,FENTAR
Southeast,1161561.3671911184,FENTAR
Southwest,394539.5006592871,FENTAR
Midwest,1332104.854970557,FENTAR
Mountain-Prarie,1655065.1306630229,GLALYG
Northeast,624237.7523058481,GLALYG
Southeast,390941.15125045436,GLALYG
Southwest,335783.7511800929,GLALYG
Midwest,1318187.5913167156,GLALYG
Pacific,628197.2574783169,GLALYG
Pacific Southwest,633017.1164064663,GLALYG
Mountain-Prarie,990321.3628778493,GLAPIA
Southwest,145670.04618276685,GLAPIA
Pacific,555597.687586821,GLAPIA
Pacific Southwest,577470.8584871768,GLAPIA
Southwest,32755.368717932088,HABGRU
Pacific,93653.49010226074,HABGRU
Pacific Southwest,320584.4612914019,HABGRU
Southeast,666077.3318450651,HELCHA
Southwest,391501.6305096882,HELCHA
Mountain-Prarie,222993.50416379183,HELIERI
Southwest,377726.50418886455,HELIERI
Pacific,331736.61507713725,HELIERI
Pacific Southwest,694288.3016753173,HELIERI
Mountain-Prarie,9964.193159061995,HEMCER
Southeast,448440.36913197493,HEMCER
Southwest,1048857.1125983093,HEMCER
Pacific Southwest,303167.13876385486,HEMCER
Mountain-Prarie,1064372.1394691553,HEMISO
Southeast,222046.10741502576,HEMISO
Southwest,1477967.0617134115,HEMISO
Midwest,455892.88497180986,HEMISO
Pacific,1548.2043175447295,HEMISO
Pacific Southwest,585097.5605447725,HEMISO
Mountain-Prarie,7787.694928201817,HERSOS
Northeast,257433.68892370892,HERSOS
Southeast,1232868.4348134394,HERSOS
Southwest,472410.74076409295,HERSOS
Midwest,237208.75148639147,HERSOS
Mountain-Prarie,1459849.0626997682,HESCOM
Northeast,358786.58925695636,HESCOM
Southwest,278280.4785467065,HESCOM
Midwest,638370.7423342501,HESCOM
Pacific,627669.3342840064,HESCOM
Pacific Southwest,625003.3499627586,HESCOM
Mountain-Prarie,1061614.2758943124,HESJUB
Southwest,273081.0584970783,HESJUB
Pacific,627338.8163657732,HESJUB
Pacific Southwest,637303.2766751155,HESJUB
Mountain-Prarie,1294715.8959983531,HESLEO
Northeast,639535.0268275527,HESLEO
Southeast,413969.1325566377,HESLEO
Southwest,81762.23865257826,HESLEO
Midwest,1320010.6800956498,HESLEO
Pacific,20702.189041031907,HESLIN
Pacific Southwest,342560.84642157896,HESLIN
Mountain-Prarie,140026.00232518252,HESMET
Northeast,556119.7742835125,HESMET
Southeast,861943.9629809251,HESMET
Southwest,347423.9869832917,HESMET
Midwest,763487.7596875405,HESMET
Mountain-Prarie,972497.6159089409,HESNEV
Southwest,257096.32774291854,HESNEV
Pacific,478581.1106883846,HESNEV
Pacific Southwest,302051.638609255,HESNEV
Mountain-Prarie,963615.3212756125,HESOTT
Southeast,2.3525013559116896,HESOTT
Southwest,178546.73380940896,HESOTT
Midwest,744933.1518051358,HESOTT
Mountain-Prarie,1048828.6577816166,HESPAH
Southwest,704135.5356539799,HESPAH
Pacific,3893.8894315371,HESPAH
Pacific Southwest,57377.16044801912,HESPAH
Mountain-Prarie,4305.706725183305,HESSAS
Northeast,567634.1533980789,HESSAS
Southeast,30794.83258529539,HESSAS
Midwest,832080.7147864568,HESSAS
Mountain-Prarie,461892.61504510406,HESVIR
Southwest,1019946.6199476692,HESVIR
Mountain-Prarie,160322.79183550397,HYLPHY
Northeast,186590.9062814011,HYLPHY
Southeast,18155.988593198304,HYLPHY
Southwest,237992.45793314843,HYLPHY
Midwest,136689.61675391675,HYLPHY
Pacific,27379.035828907607,HYLPHY
Pacific Southwest,116895.00272726039,HYLPHY
Mountain-Prarie,195634.81788247955,JUNCOE
Northeast,248974.61480332556,JUNCOE
Southeast,17862.289220248465,JUNCOE
Southwest,500900.8027065745,JUNCOE
Midwest,222260.5841611653,JUNCOE
Pacific,98869.26771949949,JUNCOE
Pacific Southwest,458165.2165348171,JUNCOE
Southeast,146635.06700623652,JUNEVA
Southwest,771683.905174497,JUNEVA
Pacific Southwest,58435.82151202648,JUNEVA
Mountain-Prarie,29.316488041037204,JUNGEN
Southeast,110647.59843943994,JUNGEN
Southwest,413762.34223081864,JUNGEN
Pacific Southwest,44320.83528163834,JUNGEN
Mountain-Prarie,8677.658838436006,KRILYS
Southeast,80420.00695353904,KRILYS
Southwest,878997.5071233916,KRILYS
Pacific Southwest,19088.23529098563,KRILYS
Southeast,207503.93554646845,LEPCAS
Southwest,253617.52491568832,LEPCAS
Pacific Southwest,0.8050128188757673,LEPCAS
Mountain-Prarie,741683.2555146788,LEPMAR
Southeast,33262.997009639534,LEPMAR
Southwest,1474035.0952916646,LEPMAR
Midwest,29538.972085285994,LEPMAR
Pacific,54937.31618355279,LEPMAR
Pacific Southwest,693099.1653476432,LEPMAR
Mountain-Prarie,48062.85885554722,LERACC
Northeast,240113.97788864328,LERACC
Southeast,117123.00282648182,LERACC
Southwest,278866.52499691414,LERACC
Midwest,219512.02005272737,LERACC
Mountain-Prarie,359768.3421717441,LEROEUF
Northeast,74362.75086223941,LEROEUF
Southeast,1142532.6514574983,LEROEUF
Southwest,1203489.8667286574,LEROEUF
Midwest,256462.574348124,LEROEUF
Pacific Southwest,317579.8376972901,LEROEUF
Mountain-Prarie,670186.9701904705,LIBCAR
Northeast,557090.8638304304,LIBCAR
Southeast,1228245.7628234676,LIBCAR
Southwest,1461997.5257147134,LIBCAR
Midwest,989511.8778682629,LIBCAR
Pacific Southwest,248758.4151239292,LIBCAR
Mountain-Prarie,1847493.1892484892,LIMARC
Northeast,642155.2172426323,LIMARC
Southeast,1232869.0066813084,LIMARC
Southwest,1365270.9668018054,LIMARC
Midwest,1332104.854970557,LIMARC
Pacific,317880.97539135773,LIMARC
Pacific Southwest,148931.83871267864,LIMARC
Mountain-Prarie,1030342.1274035601,LIMART
Northeast,642155.2172426323,LIMART
Southeast,1194643.2244189833,LIMART
Southwest,989766.2140888314,LIMART
Midwest,1332104.854970557,LIMART
Pacific,16298.241952197684,LIMART
Pacific Southwest,2.587099392927576,LIMART
Mountain-Prarie,202493.373940368,LIMLOR
Southwest,14984.52182519387,LIMLOR
Pacific,628197.2574783169,LIMLOR
Pacific Southwest,519382.31298237405,LIMLOR
Mountain-Prarie,1241598.744948139,LIMWEI
Southwest,454898.6362528819,LIMWEI
Pacific,260326.08827988515,LIMWEI
Pacific Southwest,318146.12407847145,LIMWEI
Mountain-Prarie,425190.232868317,LYCAARO
Southwest,233299.11346043542,LYCAARO
Pacific,75115.40289641783,LYCAARO
Pacific Southwest,553095.9504757246,LYCAARO
Mountain-Prarie,481629.73650938674,LYCACUP
Southwest,11860.899222167569,LYCACUP
Pacific,298423.3509556872,LYCACUP
Pacific Southwest,234943.49962222538,LYCACUP
Mountain-Prarie,1540346.7203154466,LYCADIO
Southeast,1068.5338304777556,LYCADIO
Southwest,298972.3382160004,LYCADIO
Midwest,748774.6093989355,LYCADIO
Pacific,130688.58938158714,LYCADIO
Pacific Southwest,133245.54023767132,LYCADIO
Mountain-Prarie,530174.3550743326,LYCADOR
Northeast,249536.00146117035,LYCADOR
Midwest,842169.6816033503,LYCADOR
Pacific,321901.25534448924,LYCADOR
Pacific Southwest,125254.08313821454,LYCADOR
Mountain-Prarie,507253.096473189,LYCAEDI
Pacific,489424.05121208425,LYCAEDI
Pacific Southwest,293307.48931357224,LYCAEDI
Northeast,497392.5191878241,LYCAEPI
Midwest,672898.3667527563,LYCAEPI
Pacific,35913.298591695406,LYCAGOR
Pacific Southwest,323370.6562739981,LYCAGOR
Mountain-Prarie,1754404.9077948772,LYCAHEL
Northeast,26450.611956501256,LYCAHEL
Southwest,322995.42536411743,LYCAHEL
Midwest,1085506.5598470697,LYCAHEL
Pacific,628195.5162349339,LYCAHEL
Pacific Southwest,706856.4917886797,LYCAHEL
Mountain-Prarie,830566.3010153444,LYCAHET
Southwest,114218.13724331983,LYCAHET
Pacific,623884.3220412096,LYCAHET
Pacific Southwest,493367.49174495286,LYCAHET
Mountain-Prarie,1469965.6407487914,LYCAHYL
Northeast,623352.2810525106,LYCAHYL
Southeast,201087.48224615832,LYCAHYL
Southwest,117253.52446603472,LYCAHYL
Midwest,1332104.854970557,LYCAHYL
Pacific,19704.27629273236,LYCAHYL
Mountain-Prarie,472155.54047468794,LYCAMAR
Pacific,540450.524152608,LYCAMAR
Pacific Southwest,153567.78746656625,LYCAMAR
Mountain-Prarie,461639.58367181814,LYCANIV
Southwest,6639.535302058714,LYCANIV
Pacific,493599.8290634973,LYCANIV
Pacific Southwest,255552.67631170043,LYCANIV
Mountain-Prarie,146791.8072507556,LYCAPHL
Northeast,642151.9063862353,LYCAPHL
Southeast,416526.36006144685,LYCAPHL
Southwest,3662.6178683321605,LYCAPHL
Midwest,1264140.1155269567,LYCAPHL
Pacific,6044.465674270345,LYCAPHL
Pacific Southwest,11458.049398913181,LYCAPHL
Mountain-Prarie,1168559.5141128476,LYCARUB
Southwest,225765.33891597847,LYCARUB
Pacific,479378.87059649255,LYCARUB
Pacific Southwest,496380.6659433199,LYCARUB
Mountain-Prarie,138766.70150838673,LYCAXAN
Midwest,430816.2913688612,LYCAXAN
Pacific,104461.39663680011,LYCAXAN
Pacific Southwest,336889.66873053357,LYCAXAN
Mountain-Prarie,941410.7592680404,LYCIDA
Northeast,78612.24945008771,LYCIDA
Southwest,49180.54708485572,LYCIDA
Midwest,538565.8560929908,LYCIDA
Pacific,625946.9540865311,LYCIDA
Pacific Southwest,310263.5318032944,LYCIDA
Mountain-Prarie,1920044.7334501166,LYCMEL
Northeast,341383.1461125413,LYCMEL
Southeast,18.639734758229732,LYCMEL
Southwest,835245.6220028998,LYCMEL
Midwest,1088692.7725509962,LYCMEL
Pacific,542024.0170105824,LYCMEL
Pacific Southwest,656874.2957546685,LYCMEL
Southeast,113719.6684330379,MARPET
Southwest,217167.79712287858,MARPET
Mountain-Prarie,706242.8538119358,MEGICYM
Northeast,642155.2140210182,MEGICYM
Southeast,1206964.256042083,MEGICYM
Southwest,487520.60198834346,MEGICYM
Midwest,1332104.854970557,MEGICYM
Mountain-Prarie,30137.88380643743,MEGIRUB
Southwest,1071289.1100245705,MEGIRUB
Mountain-Prarie,137.85216362705867,MESAMY
Southeast,721.1256117554137,MESAMY
Southwest,1048224.3719148075,MESAMY
Mountain-Prarie,16379.315410487763,MINILED
Southwest,682787.1147833621,MINILED
Pacific Southwest,159234.45673733804,MINILED
Southwest,425582.3043290584,NASJUL
Pacific Southwest,3540.3565105942935,NASJUL
Mountain-Prarie,14963.537584497408,NASLHE
Northeast,342187.7243227152,NASLHE
Southeast,1231804.4164133447,NASLHE
Southwest,335353.53756076086,NASLHE
Midwest,433790.3470094908,NASLHE
Mountain-Prarie,1350948.2034089232,NATIOL
Northeast,111991.38862882576,NATIOL
Southeast,1229717.480740424,NATIOL
Southwest,1477970.2090692532,NATIOL
Midwest,1041353.7377990294,NATIOL
Pacific Southwest,458805.9570747337,NATIOL
Northeast,23872.205928755182,NEONARE
Southeast,844176.9054898376,NEONARE
Southwest,61090.81894348999,NEONARE
Northeast,165802.34992343828,NEONMIT
Southeast,172723.354820246,NEONMIT
Midwest,319662.6888025768,NEONMIT
Mountain-Prarie,913249.9915806819,NEOPMEN
Southwest,343188.752587054,NEOPMEN
Pacific,628197.2574783169,NEOPMEN
Pacific Southwest,554207.7150835404,NEOPMEN
Mountain-Prarie,1920044.7334501166,NYMANT
Northeast,642155.2172426323,NYMANT
Southeast,1177303.8822232203,NYMANT
Southwest,1477887.383075101,NYMANT
Midwest,1332104.854970557,NYMANT
Pacific,628172.863569819,NYMANT
Pacific Southwest,706854.0043355814,NYMANT
Mountain-Prarie,677174.3094292418,NYMCAL
Southwest,414164.274009176,NYMCAL
Pacific,628197.2574783169,NYMCAL
Pacific Southwest,669983.7595612156,NYMCAL
Mountain-Prarie,1697012.9500794476,NYMMIL
Northeast,633870.8577967747,NYMMIL
Southeast,164497.86966985808,NYMMIL
Southwest,284281.76405635884,NYMMIL
Midwest,1278251.5028646495,NYMMIL
Pacific,627635.1795145245,NYMMIL
Pacific Southwest,559983.6077045798,NYMMIL
Mountain-Prarie,477790.1118452529,NYMVAU
Northeast,513428.94342483336,NYMVAU
Midwest,993591.9192543702,NYMVAU
Pacific,196365.90369137184,NYMVAU
Mountain-Prarie,1442543.5872224336,OARGAR
Southwest,338993.9567058728,OARGAR
Midwest,65719.83390110529,OARGAR
Pacific,271872.0789077964,OARGAR
Pacific,29529.50878582585,OCHAGR
Pacific Southwest,319493.2409913911,OCHAGR
Mountain-Prarie,1014700.437065328,OCHSYL
Southwest,312200.0382114514,OCHSYL
Pacific,628197.2574783169,OCHSYL
Pacific Southwest,658415.37454956,OCHSYL
Mountain-Prarie,968307.029057602,OENCHR
Northeast,265870.7061536417,OENCHR
Southwest,171243.05527157066,OENCHR
Midwest,344954.0365864421,OENCHR
Pacific,409963.54643064324,OENCHR
Pacific Southwest,213270.91127220014,OENCHR
Pacific,341492.58206842915,OENNEV
Pacific Southwest,195102.2388201005,OENNEV
Northeast,1267.9224001585003,OLIMAC
Southeast,654606.1728849263,OLIMAC
Southwest,40572.705261819465,OLIMAC
Mountain-Prarie,33195.85531772182,PANOCO
Northeast,493789.903348935,PANOCO
Southeast,1232862.517926042,PANOCO
Southwest,584074.9761904589,PANOCO
Midwest,546703.8507880457,PANOCO
Northeast,51745.2651032147,PANPA1
Southeast,294516.65305137914,PANPA1
Southwest,17253.350948420266,PANPA1
Southeast,113351.03155749345,PANPA2
Southwest,26303.628071168947,PANPA2
Mountain-Prarie,685146.1250233112,PAPCAN
Northeast,396726.0696351332,PAPCAN
Midwest,764179.433832181,PAPCAN
Pacific,76163.33651541501,PAPCAN
Mountain-Prarie,245534.39705215098,PAPCRE
Northeast,393683.83568605507,PAPCRE
Southeast,18489.367903570175,PAPCRE
Southwest,363632.71220961254,PAPCRE
Midwest,504763.3752896293,PAPCRE
Pacific Southwest,157021.99214199002,PAPCRE
Mountain-Prarie,857201.3049943998,PAPEUR
Southwest,213126.14978335996,PAPEUR
Pacific,628197.2574783169,PAPEUR
Pacific Southwest,502210.0886190781,PAPEUR
Mountain-Prarie,420157.37072217994,PAPGLA
Northeast,603158.9986326325,PAPGLA
Southeast,1231899.5429680967,PAPGLA
Southwest,464850.53887634596,PAPGLA
Midwest,1051428.6750118232,PAPGLA
Mountain-Prarie,843879.9295622628,PAPIND
Southwest,225725.50027656663,PAPIND
Pacific,598576.5675645036,PAPIND
Pacific Southwest,683482.1405324468,PAPIND
Mountain-Prarie,1505413.5658311408,PAPMUL
Southeast,1869.0278288695872,PAPMUL
Southwest,1327219.9210618744,PAPMUL
Pacific,591276.6404489506,PAPMUL
Pacific Southwest,660649.3525172236,PAPMUL
Northeast,73445.21133423195,PAPPAL
Southeast,1002127.4603155876,PAPPAL
Southwest,265687.02283883357,PAPPAL
Midwest,2464.950892121535,PAPPAL
Mountain-Prarie,1173089.0560132035,PAPPOL
Northeast,642155.2172426323,PAPPOL
Southeast,1232091.3722014213,PAPPOL
Southwest,1477964.2600548947,PAPPOL
Midwest,1324675.92076044,PAPPOL
Pacific Southwest,172265.59284639457,PAPPOL
Mountain-Prarie,912861.1935597655,PAPRUT
Southwest,446597.0375563509,PAPRUT
Pacific,628197.2574783169,PAPRUT
Pacific Southwest,667852.0921884049,PAPRUT
Mountain-Prarie,37293.06852400389,PAPTRO
Northeast,561531.2347627479,PAPTRO
Southeast,1231549.740639091,PAPTRO
Southwest,368424.944761744,PAPTRO
Midwest,648719.2652848337,PAPTRO
Mountain-Prarie,1219606.5422664245,PAPZEL
Southwest,277532.3868711379,PAPZEL
Pacific,628197.2574783169,PAPZEL
Pacific Southwest,657124.3773006785,PAPZEL
Mountain-Prarie,311958.49978486466,PARNCLO
Southwest,6360.250667726798,PARNCLO
Pacific,540094.4454429,PARNCLO
Pacific Southwest,303632.73263445555,PARNCLO
Mountain-Prarie,790393.4098136267,PARNPHO
Southwest,48862.631065865295,PARNPHO
Pacific,338120.37884598976,PARNPHO
Pacific Southwest,162767.8260408096,PARNPHO
Mountain-Prarie,69957.75182516933,PARRMAL
Northeast,542731.3363990785,PARRMAL
Southeast,1232869.0066813084,PARRMAL
Southwest,423346.3238365472,PARRMAL
Midwest,685180.803211021,PARRMAL
Southeast,249413.39862384088,PHOEAGA
Southwest,865624.6896825708,PHOEAGA
Pacific,400.3791402087976,PHOEAGA
Pacific Southwest,130087.78912595734,PHOEAGA
Southeast,314786.5703497588,PHOEPHI
Southwest,597030.8242971922,PHOEPHI
Pacific Southwest,23701.062660433858,PHOEPHI
Mountain-Prarie,207565.2079282829,PHOESEN
Northeast,87658.322329125,PHOESEN
Southeast,18491.344478125953,PHOESEN
Southwest,321974.31830275524,PHOESEN
Midwest,88278.796832179185,PHOESEN
Pacific Southwest,299966.77720344806,PHOESEN
Mountain-Prarie,1920055.7420834815,PHOLCAT
Northeast,584674.0033629728,PHOLCAT
Southeast,1180899.3392692509,PHOLCAT
Southwest,1477969.478788521,PHOLCAT
Midwest,1137965.6558136488,PHOLCAT
Pacific,498214.14082875923,PHOLCAT
Pacific Southwest,688193.0692551093,PHOLCAT
Southeast,71914.93218570745,PHOPIG
Mountain-Prarie,1130612.987636351,PHYBAT
Northeast,457630.3156312738,PHYBAT
Southeast,28558.219673483753,PHYBAT
Southwest,156227.01251730716,PHYBAT
Midwest,880797.1158399325,PHYBAT
Pacific,44323.18211587754,PHYBAT
Pacific Southwest,126250.98021777389,PHYBAT
Mountain-Prarie,979706.0412852148,PHYCAM
Southwest,297414.9465339487,PHYCAM
Pacific,614355.6591715169,PHYCAM
Pacific Southwest,548039.2523472742,PHYCAM
Mountain-Prarie,965170.7651768103,PHYMYL
Southwest,717521.9642375446,PHYMYL
Pacific,628197.2574783169,PHYMYL
Pacific Southwest,653737.9700062659,PHYMYL
Southwest,438.32953652368343,PHYORS
Pacific,23801.28948608331,PHYORS
Pacific Southwest,229751.46968370894,PHYORS
Mountain-Prarie,957357.8147159118,PHYPAL
Southwest,188142.9048303972,PHYPAL
Pacific,412467.82410206343,PHYPAL
Pacific Southwest,116288.35553612126,PHYPAL
Mountain-Prarie,75797.4353449002,PHYPHA
Southeast,249370.24075137652,PHYPHA
Southwest,265975.95183556067,PHYPHA
Midwest,55267.64600925897,PHYPHA
Pacific Southwest,37220.26571546273,PHYPHA
Mountain-Prarie,400336.10872600856,PHYPIC
Southwest,1053238.8552830596,PHYPIC
Pacific Southwest,83.6528402097847,PHYPIC
Mountain-Prarie,1857421.8432404348,PHYSEL
Northeast,576556.9727290216,PHYSEL
Southeast,66584.39452236338,PHYSEL
Southwest,237751.5315016233,PHYSEL
Midwest,1316296.019601461,PHYSEL
Pacific,624316.5150069542,PHYSEL
Pacific Southwest,464269.9886432856,PHYSEL
Mountain-Prarie,139812.55826954544,PHYTEX
Southeast,733839.7510831357,PHYTEX
Southwest,1404109.0892943293,PHYTEX
Midwest,3890.361701753752,PHYTEX
Pacific Southwest,65171.94718228286,PHYTEX
Mountain-Prarie,1542592.0662492758,PHYTHA
Northeast,631445.9256176105,PHYTHA
Southeast,1232564.029538521,PHYTHA
Southwest,1334551.7212515157,PHYTHA
Midwest,1283475.646654596,PHYTHA
Pacific,5022.741496742715,PHYTHA
Pacific Southwest,17431.859383950596,PHYTHA
Mountain-Prarie,9613.297773779288,PHYVES
Southeast,3408.79952108867,PHYVES
Southwest,488423.84269185684,PHYVES
Mountain-Prarie,893639.9652708349,PIENAP
Northeast,466537.3583671385,PIENAP
Southeast,33158.98415953071,PIENAP
Southwest,246996.69620355967,PIENAP
Midwest,834016.1106906745,PIENAP
Pacific,627340.3314625317,PIENAP
Pacific Southwest,480884.44430647325,PIENAP
Mountain-Prarie,1920044.7334501166,PIERAP
Northeast,642155.2172426323,PIERAP
Southeast,1196959.171710374,PIERAP
Southwest,1471927.023343454,PIERAP
Midwest,1332104.854970557,PIERAP
Pacific,628580.8244469907,PIERAP
Pacific Southwest,706856.461861799,PIERAP
Mountain-Prarie,19390.245972627374,PIEVIR
Northeast,512695.48640542617,PIEVIR
Southeast,335396.5950279122,PIEVIR
Midwest,711355.797114572,PIEVIR
Mountain-Prarie,394478.28801794944,PIRPIR
Southwest,293713.92136714613,PIRPIR
Pacific,38349.69593839009,PIRPIR
Mountain-Prarie,536872.0143173098,PLEACM
Southwest,288251.7927397937,PLEACM
Pacific,81892.08926074443,PLEACM
Pacific Southwest,196532.09408372268,PLEACM
Mountain-Prarie,1086545.0908082407,PLEICA
Southwest,337253.0824634937,PLEICA
Pacific,627713.5149586392,PLEICA
Pacific Southwest,650612.564772718,PLEICA
Mountain-Prarie,1469320.489531255,PLELUP
Southwest,1027291.3343849684,PLELUP
Pacific,620787.9683120837,PLELUP
Pacific Southwest,659696.4058756067,PLELUP
Mountain-Prarie,1301372.2070273883,PLESAE
Northeast,217703.0359733302,PLESAE
Southwest,250420.8363364326,PLESAE
Midwest,678493.1062369986,PLESAE
Pacific,628197.2574783169,PLESAE
Pacific Southwest,559724.2849359703,PLESAE
Mountain-Prarie,1093420.1649073958,PLESHA
Southwest,49293.786120469544,PLESHA
Pacific,128430.91746226356,PLESHA
Pacific Southwest,337135.84104830393,PLESHA
Northeast,55789.11725761568,POAAAR
Southeast,283352.2660164369,POAAAR
Southwest,8984.25593479095,POAAAR
Mountain-Prarie,720341.0501356011,POAHOB
Northeast,615064.2654173245,POAHOB
Southeast,386296.87364283804,POAHOB
Southwest,64213.7114900452,POAHOB
Midwest,1330140.1553225673,POAHOB
Mountain-Prarie,37619.54318181872,POAMAS
Northeast,395798.57825454196,POAMAS
Southeast,13099.898283252396,POAMAS
Midwest,849048.2434243198,POAMAS
Southwest,52124.19506841864,POAMEL
Pacific,10150.623080575748,POAMEL
Pacific Southwest,282388.64752762276,POAMEL
Mountain-Prarie,469149.7286975995,POATAX
Southwest,509201.801341797,POATAX
Pacific,8900.076966871384,POATAX
Mountain-Prarie,106772.25708282464,POAVIA
Northeast,576284.7318048361,POAVIA
Southeast,1149458.8685293843,POAVIA
Southwest,302091.15292923606,POAVIA
Midwest,1198856.3307718057,POAVIA
Mountain-Prarie,223.68169168891163,POAYEH
Northeast,33586.19253584635,POAYEH
Southeast,1095656.5292163345,POAYEH
Southwest,209143.37568343763,POAYEH
Midwest,57310.32874941133,POAYEH
Mountain-Prarie,164761.57014661122,POAZAB
Northeast,485967.2564863128,POAZAB
Southeast,1207643.4133713196,POAZAB
Southwest,413858.4401120223,POAZAB
Midwest,693376.5432006343,POAZAB
Southeast,93833.69181208116,POLGLEO
Southwest,472222.8979490296,POLGLEO
Pacific Southwest,92188.33727240365,POLGLEO
Southeast,121354.2206832975,POLIBAR
Mountain-Prarie,800945.8819068433,POLIDRA
Southwest,188072.8450050421,POLIDRA
Pacific,65929.69670374577,POLIDRA
Pacific,113000.64629356485,POLIMAR
Pacific Southwest,55490.86295640939,POLIMAR
Mountain-Prarie,1100070.0750772925,POLIMYS
Northeast,547730.0010831434,POLIMYS
Southeast,34025.56512871981,POLIMYS
Southwest,16735.024898935324,POLIMYS
Midwest,1246624.972753796,POLIMYS
Pacific,119784.67884800401,POLIMYS
Mountain-Prarie,1130018.9326803817,POLIORI
Northeast,642155.2172426323,POLIORI
Southeast,1146730.5300084346,POLIORI
Southwest,451537.3343868774,POLIORI
Midwest,1255839.6064678864,POLIORI
Mountain-Prarie,1104918.3374600883,POLIPEC
Northeast,637619.5645184088,POLIPEC
Southeast,294611.2702955101,POLIPEC
Southwest,52230.02383757029,POLIPEC
Midwest,1332104.854970557,POLIPEC
Pacific,111132.12749456512,POLIPEC
Mountain-Prarie,354213.0592028712,POLISAB
Southwest,171233.9484023444,POLISAB
Pacific,553009.7065623443,POLISAB
Pacific Southwest,705826.3609930328,POLISAB
Mountain-Prarie,471660.69546,POLISON
Southwest,33782.92174175349,POLISON
Pacific,539424.6784505583,POLISON
Pacific Southwest,375260.10579517815,POLISON
Mountain-Prarie,1750115.164903313,POLITHE
Northeast,642155.2172426323,POLITHE
Southeast,1219517.49381537,POLITHE
Southwest,660619.9042253819,POLITHE
Midwest,1332104.854970557,POLITHE
Pacific,85780.1312882277,POLITHE
Pacific Southwest,9088.652582307863,POLITHE
Mountain-Prarie,60014.36353473027,POLIVIB
Northeast,58649.32678710896,POLIVIB
Southeast,997685.0742524348,POLIVIB
Southwest,428048.9581462227,POLIVIB
Mountain-Prarie,731502.7185207563,POLYCOM
Northeast,642154.3898721089,POLYCOM
Southeast,1073985.6668153785,POLYCOM
Southwest,349074.8333077519,POLYCOM
Midwest,1332104.854970557,POLYCOM
Mountain-Prarie,729401.9194444565,POLYFAU
Northeast,503906.70925953804,POLYFAU
Southeast,62904.60850743392,POLYFAU
Southwest,46848.3084893266,POLYFAU
Midwest,680773.4317145478,POLYFAU
Pacific,548027.9010663453,POLYFAU
Pacific Southwest,237064.69655646067,POLYFAU
Mountain-Prarie,1089503.3136803508,POLYGRA
Northeast,306867.33056205005,POLYGRA
Southwest,346201.9485923645,POLYGRA
Midwest,283451.39611284644,POLYGRA
Pacific,627713.5149586392,POLYGRA
Pacific Southwest,615459.417873313,POLYGRA
Mountain-Prarie,906668.1928888477,POLYINT
Northeast,642155.2172426323,POLYINT
Southeast,1198267.3370080541,POLYINT
Southwest,1195357.7207425432,POLYINT
Midwest,1331199.2966484237,POLYINT
Mountain-Prarie,1068622.527979445,POLYPRO
Northeast,603905.7850593943,POLYPRO
Southeast,170051.733216426,POLYPRO
Southwest,36398.12715729132,POLYPRO
Midwest,1327660.8129912752,POLYPRO
Pacific,52851.889313875145,POLYPRO
Mountain-Prarie,1203423.036881511,POLYSAT
Northeast,265127.111283358,POLYSAT
Southwest,574240.9049458626,POLYSAT
Midwest,509404.4722504274,POLYSAT
Pacific,628197.2574783169,POLYSAT
Pacific Southwest,633012.7453094531,POLYSAT
Mountain-Prarie,71240.47890230425,POMVER
Northeast,635941.3149761778,POMVER
Southeast,1148989.5392198719,POMVER
Southwest,284985.6631191416,POMVER
Midwest,1123853.7584327662,POMVER
Mountain-Prarie,877410.0854346135,PONBEC
Southwest,330857.23083141283,PONBEC
Pacific,605847.331924569,PONBEC
Pacific Southwest,688216.6624493626,PONBEC
Mountain-Prarie,1749396.4227286757,PONOCC
Southwest,329893.2550208977,PONOCC
Midwest,326887.07649259607,PONOCC
Pacific,628197.2574783169,PONOCC
Pacific Southwest,582719.1899237004,PONOCC
Mountain-Prarie,14575.100871495004,PONPRO
Northeast,291173.6647435149,PONPRO
Southeast,18155.988593198304,PONPRO
Southwest,3849.92929212947,PONPRO
Midwest,417195.47885354527,PONPRO
Pacific,225350.59921317192,PONPRO
Pacific Southwest,26539.7128297617,PONPRO
Mountain-Prarie,1142559.3894561045,PONSIS
Southwest,803039.3472464725,PONSIS
Pacific,543981.8620043204,PONSIS
Pacific Southwest,705969.950051622,PONSIS
Mountain-Prarie,70893.88222655034,PROBYS
Northeast,2885.4052636645592,PROBYS
Southeast,1036589.671291723,PROBYS
Southwest,138089.3622819547,PROBYS
Midwest,419246.6186404359,PROBYS
Mountain-Prarie,41042.58961100573,PYRALB
Southeast,351937.42496158864,PYRALB
Southwest,1206178.0016115038,PYRALB
Pacific Southwest,298949.4440212549,PYRALB
Mountain-Prarie,1920044.7334501166,PYRCOM
Northeast,565116.3984704945,PYRCOM
Southeast,1226973.0883894044,PYRCOM
Southwest,1477959.6272833738,PYRCOM
Midwest,1265126.8670629773,PYRCOM
Pacific,612638.5729907909,PYRCOM
Pacific Southwest,706034.7927358326,PYRCOM
Southwest,142354.93836124407,PYRRARA
Mountain-Prarie,364652.59262928006,PYRRUR
Southwest,965237.2223951877,PYRRUR
Pacific,335563.603358869,PYRRUR
Pacific Southwest,204221.80589151933,PYRRUR
Mountain-Prarie,624787.1315848348,PYRSCR
Southwest,749764.165888625,PYRSCR
Pacific,2505.826140881789,PYRSCR
Pacific Southwest,479406.45971767395,PYRSCR
Mountain-Prarie,959254.3945953592,SATACA
Northeast,466483.21025389625,SATACA
Southwest,7228.077040825438,SATACA
Midwest,1101911.5966106127,SATACA
Pacific,4105.409210688284,SATAUR
Pacific Southwest,299494.0850076598,SATAUR
Mountain-Prarie,599096.3717995026,SATBEH
Southwest,200164.2930389664,SATBEH
Pacific,485271.43238749413,SATBEH
Pacific Southwest,536146.7836494606,SATBEH
Mountain-Prarie,656435.7315274912,SATCA1
Northeast,642154.9562576269,SATCA1
Southeast,1214263.5730358795,SATCA1
Southwest,531772.3345475083,SATCA1
Midwest,1331882.7467256596,SATCA1
Mountain-Prarie,665129.8518593165,SATCA2
Southwest,41071.23293741068,SATCA2
Pacific,608490.344170825,SATCA2
Pacific Southwest,564271.8114762378,SATCA2
Mountain-Prarie,64825.35584976802,SATCA3
Northeast,496195.1816606121,SATCA3
Southeast,116141.01308344997,SATCA3
Midwest,1125790.2799305348,SATCA3
Mountain-Prarie,304339.0485252805,SATEDW
Northeast,600918.6457646351,SATEDW
Southeast,513245.59187068057,SATEDW
Southwest,105339.91452660628,SATEDW
Midwest,1327063.0633802926,SATEDW
Mountain-Prarie,60178.74158342899,SATFAV
Northeast,328891.16569441475,SATFAV
Southeast,1228753.981917345,SATFAV
Southwest,708108.9192062779,SATFAV
Midwest,514552.80741775443,SATFAV
Mountain-Prarie,465103.6741699616,SATFUL
Pacific,559831.4017909602,SATFUL
Pacific Southwest,300462.4619664056,SATFUL
Mountain-Prarie,1220711.6054817217,SATLIP
Northeast,642155.2172426323,SATLIP
Southeast,1175968.8910779352,SATLIP
Southwest,395068.9710497041,SATLIP
Midwest,1332104.854970557,SATLIP
Mountain-Prarie,601881.7996331305,SATSAE
Southwest,100376.36486087038,SATSAE
Pacific,558247.1130118042,SATSAE
Pacific Southwest,428278.5586141831,SATSAE
Mountain-Prarie,696756.5201152406,SATSYL
Southwest,283315.6176737592,SATSYL
Pacific,627713.5149586392,SATSYL
Pacific Southwest,602186.6471977561,SATSYL
Pacific,16123.979240117169,SATTET
Pacific Southwest,355410.41764981113,SATTET
Mountain-Prarie,1829271.6661612971,SATTIT
Northeast,642155.2172426323,SATTIT
Southeast,873573.8281968255,SATTIT
Southwest,479895.7564713559,SATTIT
Midwest,1332104.854970557,SATTIT
Pacific,330576.2989916682,SATTIT
Pacific Southwest,59451.82821486807,SATTIT
Mountain-Prarie,9286.457217846191,SATYAPP
Northeast,622161.538200717,SATYAPP
Southeast,1184358.6775212453,SATYAPP
Southwest,29387.788565480136,SATYAPP
Midwest,1179834.9271872344,SATYAPP
Mountain-Prarie,559504.4801252793,SATYEUR
Northeast,478999.89932427864,SATYEUR
Midwest,1117040.3759267794,SATYEUR
Mountain-Prarie,1507813.0117176105,SPEYAPH
Northeast,626655.5868239412,SPEYAPH
Southeast,225857.06193567323,SPEYAPH
Southwest,97490.42404309384,SPEYAPH
Midwest,1309730.2505287852,SPEYAPH
Pacific,106380.62417901703,SPEYAPH
Mountain-Prarie,1076216.1101982794,SPEYATL
Northeast,544580.0310273535,SPEYATL
Southeast,57.721925496013,SPEYATL
Southwest,293150.87390099344,SPEYATL
Midwest,880123.891773155,SPEYATL
Pacific,504115.61394856655,SPEYATL
Pacific Southwest,217273.64518923705,SPEYATL
Mountain-Prarie,1179319.324023308,SPEYCAL
Southwest,138148.80026265114,SPEYCAL
Midwest,3191.255213280739,SPEYCAL
Pacific,599177.424559169,SPEYCAL
Pacific Southwest,579934.2227667856,SPEYCAL
Mountain-Prarie,1166276.557124218,SPEYCOR
Southwest,192146.46556168745,SPEYCOR
Pacific,620106.9596596604,SPEYCOR
Pacific Southwest,600884.8796923991,SPEYCOR
Mountain-Prarie,1518859.5432474539,SPEYCYB
Northeast,642141.6222381564,SPEYCYB
Southeast,603872.4154540786,SPEYCYB
Southwest,178653.45049631599,SPEYCYB
Midwest,1332104.854970557,SPEYCYB
Pacific,584508.9450230509,SPEYCYB
Pacific Southwest,150255.4435722286,SPEYCYB
Mountain-Prarie,39986.97572642308,SPEYDIA
Northeast,136067.36420407024,SPEYDIA
Southeast,681855.6102789489,SPEYDIA
Southwest,118556.34412717653,SPEYDIA
Midwest,155410.57117683013,SPEYDIA
Mountain-Prarie,1373770.041682136,SPEYEDW
Southwest,101469.31830326501,SPEYEDW
Pacific,60951.78598813848,SPEYEDW
Mountain-Prarie,663376.0219000429,SPEYEGL
Southwest,415.3591763460362,SPEYEGL
Pacific,445140.1264964317,SPEYEGL
Pacific Southwest,526382.5718574607,SPEYEGL
Mountain-Prarie,463033.23881900223,SPEYHYD
Pacific,552380.8459415522,SPEYHYD
Pacific Southwest,266138.8200659346,SPEYHYD
Mountain-Prarie,998942.7791574548,SPEYIDA
Northeast,533521.9660454306,SPEYIDA
Southeast,113290.18786164587,SPEYIDA
Southwest,92936.86787122244,SPEYIDA
Midwest,1143996.5628309587,SPEYIDA
Mountain-Prarie,1073240.0520667797,SPEYMOR
Southwest,187423.95068991167,SPEYMOR
Pacific,556466.769517317,SPEYMOR
Pacific Southwest,362672.49978154426,SPEYMOR
Mountain-Prarie,921320.0736553415,SPEYZER
Southwest,57539.96863155061,SPEYZER
Pacific,628197.2574783169,SPEYZER
Pacific Southwest,521133.61667249555,SPEYZER
Southwest,550004.273470264,STAPCEO
Pacific Southwest,28020.01322971495,STAPCEO
Mountain-Prarie,278533.65576338803,STAPHAY
Northeast,231231.1985422994,STAPHAY
Southeast,1232578.1730135537,STAPHAY
Southwest,527522.6815629028,STAPHAY
Midwest,583291.139437862,STAPHAY
Southeast,163531.41728958915,STRIST
Southwest,794491.1937024371,STRIST
Pacific Southwest,138584.33358324948,STRIST
Mountain-Prarie,1889427.543495651,STRMEL
Northeast,610965.8705139867,STRMEL
Southeast,1232818.5215655474,STRMEL
Southwest,1477970.2090692532,STRMEL
Midwest,1331236.795669483,STRMEL
Pacific,628197.2574783169,STRMEL
Pacific Southwest,706856.4917886797,STRMEL
Southwest,446847.17115800065,SYSZAM
Pacific Southwest,75772.85536750265,SYSZAM
Southwest,274940.42893733416,TEXELA
Pacific Southwest,1254.2499937517,TEXELA
Mountain-Prarie,198638.58670431122,THOBAT
Northeast,558674.428856571,THOBAT
Southeast,1215393.7693709366,THOBAT
Southwest,504971.8231473747,THOBAT
Midwest,904312.1695266386,THOBAT
Mountain-Prarie,27674.491806554397,THOCON
Northeast,159802.42188022574,THOCON
Southeast,1216330.3368875948,THOCON
Southwest,385173.911350016,THOCON
Midwest,206495.76903539078,THOCON
Southwest,385969.18622661603,THODRU
Pacific Southwest,4.103775081168271,THODRU
Mountain-Prarie,462994.24309014,THOMEX
Southwest,325207.1398257195,THOMEX
Pacific,59823.47412280016,THOMEX
Pacific Southwest,188492.2072947743,THOMEX
Mountain-Prarie,1769625.7867328855,THOPYL
Northeast,642155.2172426323,THOPYL
Southeast,1223293.6746307216,THOPYL
Southwest,1434419.8497118854,THOPYL
Midwest,1332104.854970557,THOPYL
Pacific,477988.395792932,THOPYL
Pacific Southwest,356309.8490982687,THOPYL
Mountain-Prarie,459845.0289388124,THYLIN
Northeast,580123.3162847442,THYLIN
Southeast,145786.0077474179,THYLIN
Southwest,177.0567675278091,THYLIN
Midwest,1254322.1183882016,THYLIN
Pacific,262686.1545846033,THYLIN
Southeast,322818.7037576205,URBDO1
Southwest,401384.81960457424,URBDO1
Mountain-Prarie,33.57333671878652,URBPR3
Northeast,312719.0984075633,URBPR3
Southeast,1232764.6154096005,URBPR3
Southwest,562682.2017895178,URBPR3
Midwest,104554.7374522066,URBPR3
Pacific Southwest,18554.203350514123,URBPR3
Mountain-Prarie,1191746.9213023118,VANANN
Southwest,1151018.8545360381,VANANN
Pacific,628197.2574783169,VANANN
Pacific Southwest,706856.4917886797,VANANN
Mountain-Prarie,1920044.7334501166,VANATA
Northeast,642155.2172426323,VANATA
Southeast,1232052.9744892034,VANATA
Southwest,1477965.4634519957,VANATA
Midwest,1332104.854970557,VANATA
Pacific,628197.2574783169,VANATA
Pacific Southwest,706856.4917886797,VANATA
Mountain-Prarie,1920044.7334501166,VANCAR
Northeast,642155.2172426323,VANCAR
Southeast,1231577.758590413,VANCAR
Southwest,1477958.552568723,VANCAR
Midwest,1332104.854970557,VANCAR
Pacific,628198.3299829528,VANCAR
Pacific Southwest,706856.4917886797,VANCAR
Mountain-Prarie,384837.06072269136,VANVIR
Northeast,20738.810469535427,VANVIR
Southeast,23660.89579079882,VANVIR
Southwest,9853.928811903483,VANVIR
Midwest,15966.976088996642,VANVIR
Pacific,393268.41829556914,VANVIR
Pacific Southwest,315781.74023103976,VANVIR
Mountain-Prarie,348718.7318868374,WALEGE
Northeast,642155.2172426323,WALEGE
Southeast,1203406.2998507835,WALEGE
Southwest,280756.8174894995,WALEGE
Midwest,1320498.6137543153,WALEGE
Mountain-Prarie,28292.95188876921,WALOTH
Northeast,138002.7972555719,WALOTH
Southeast,1217052.457514103,WALOTH
Southwest,622091.1333819913,WALOTH
Midwest,100579.96183783087,WALOTH
